name,baseType,dustValIlvl84,dustValIlvl84Q20,slots
Original Sin,Amethyst Ring,2822225,3951115,1
Headhunter,Leather Belt,2227900,3119060,2
Mageblood,Heavy Belt,2227900,3119060,2
Defiance of Destiny,Paua Amulet,2227900,3119060,1
Reefbane,Fishing Rod,2128100,2979340,4
Replica Shroud of the Lightless,Carnal Armour,1979450,2771230,6
Stasis Prison,Carnal Armour,1979450,2771230,6
The Squire,Elegant Round Shield,1921800,2690520,6
Rakiata's Dance,Engraved Greatsword,1921800,2690520,8
Angler's Plait,Unset Ring,1835725,2570015,1
Starforge,Infernal Sword,2638088,3341578,8
Voidforge,Infernal Sword,3517450,4220940,8
Replica Kongor's Undying Rage,Terror Maul,1758725,2462215,8
Echoforge,Infernal Sword,1758725,2462215,8
Lioneye's Glare,Imperial Bow,1707500,2390500,8
Divinarius,Imperial Skean,1707500,2390500,3
Essentia Sanguis,Vaal Claw,1707500,2390500,4
Kingmaker,Despot Axe,1707500,2390500,8
Soul Taker,Siege Axe,1657775,2320885,6
Voltaxic Rift,Spine Bow,1609475,2253265,8
Atziri's Disfavour,Vaal Axe,1609475,2253265,8
Replica Duskdawn,Maelström Staff,1609475,2253265,8
Bloodseeker,Hellion's Paw,1517100,2123940,4
The Saviour,Legion Sword,1517100,2123940,6
Replica Tukohama's Fortress,Ebony Tower Shield,1472900,2062060,8
Kalandra's Touch,Ring,1430000,2002000,1
Bino's Kitchen Knife,Slaughter Knife,1347925,1887095,3
Marohi Erqi,Karui Maul,1308650,1832110,8
The Winds of Fate,Foul Staff,1233525,1726935,8
Hateforge,Ancient Gauntlets,973750,1363250,4
Uul-Netol's Vow,Unset Amulet,917875,1285025,1
Soul Ascension,Carnal Mitts,1191150,1508790,4
Nimis,Topaz Ring,794100,1111740,1
Replica Headhunter,Leather Belt,791750,1108450,2
Yoke of Suffering,Onyx Amulet,590900,827260,1
Manastorm,Lacewood Spirit Shield,525000,735000,4
Replica Bated Breath,Chain Belt,515000,721000,2
Stranglegasp,Onyx Amulet,508200,711480,1
Replica Farrul's Fur,Triumphant Lamellar,466450,653030,6
Kitava's Feast,Void Axe,452875,634025,8
Replica Nebulis,Void Sceptre,452875,634025,6
Malachai's Mark,Murder Mitts,439675,615545,4
Replica Windripper,Imperial Bow,426875,597625,8
Tidebreaker,Imperial Maul,414450,580230,8
Replica Eternity Shroud,Blood Raiment,828900,994680,6
Annihilation's Approach,Dragonscale Boots,414450,580230,4
Eternal Damnation,Agate Amulet,414450,580230,1
Duskdawn,Maelström Staff,402375,563325,8
The Brine Crown,Prophet Crown,390650,546910,4
Replica Atziri's Acuity,Vaal Gauntlets,390650,546910,4
Garukhan's Flight,Stealth Boots,379275,530985,4
Tukohama's Fortress,Ebony Tower Shield,368225,515515,8
Entropic Devastation,Assassin's Mitts,505462,640253,4
Cloak of Tawm'r Isley,Savant's Robe,317625,444675,6
Arakaali's Fang,Fiend Dagger,290675,406945,3
Martyr of Innocence,Highborn Staff,282225,395115,8
Song of the Sirens,Fishing Rod,279875,391825,4
Replica Alberon's Warpath,Soldier Boots,258275,361585,4
Replica Maloney's Mechanism,Ornate Quiver,229475,321265,6
Replica Trypanon,Great Mallet,197950,277130,8
Gruthkul's Pelt,Wyrmscale Doublet,186575,261205,6
Dialla's Malefaction,Sage's Robe,181150,253610,6
Ralakesh's Impatience,Riveted Boots,175875,246225,4
Skyforth,Sorcerer Boots,174425,244195,4
Wraithlord,Bone Circlet,165775,232085,4
Eyes of the Greatwolf,Greatwolf Talisman,685000,959000,1
The Dark Seer,Shadow Sceptre,156250,218750,6
Ryslatha's Coil,Studded Belt,156250,218750,2
Shade of Solaris,Sage Wand,147275,206185,3
Void Battery,Prophecy Wand,141825,198555,3
Rigwald's Quills,Two-Point Arrow Quiver,141825,198555,6
The Brass Dome,Gladiator Plate,141825,198555,6
Light of Lunaris,Jingling Spirit Shield,138825,194355,4
Seven-League Step,Rawhide Boots,133675,187145,4
Warrior's Legacy,Ruby Ring,133675,187145,1
Astral Projector,Topaz Ring,133675,187145,1
Aegis Aurora,Champion Kite Shield,126000,176400,6
Atziri's Splendour,Sacrificial Garb,122325,171255,6
Shroud of the Lightless,Carnal Armour,118775,166285,6
Voll's Devotion,Agate Amulet,115300,161420,1
Shavronne's Revelation,Moonstone Ring,115300,161420,1
Windripper,Imperial Bow,115300,161420,8
Magna Eclipsis,Pinnacle Tower Shield,115300,161420,8
Doryani's Fist,Vaal Gauntlets,111950,156730,4
Indigon,Hubris Circlet,223900,268680,4
Farrul's Fur,Triumphant Lamellar,111950,156730,6
Farrul's Chase,Slink Boots,111950,156730,4
Kaom's Heart,Glorious Plate,108700,152180,6
Rathpith Globe,Titanium Spirit Shield,108700,152180,4
Prism Guardian,Archon Kite Shield,108700,152180,6
Broken Faith,Archon Kite Shield,108700,152180,6
Cospri's Malice,Jewelled Foil,108700,152180,4
Inpulsa's Broken Heart,Sadist Garb,108700,152180,6
Hand of Wisdom and Action,Imperial Claw,3500,4900,4
The Red Trail,Titan Greaves,3500,4900,4
Doryani's Delusion,Sorcerer Boots,108700,152180,4
The Queen's Hunger,Vaal Regalia,108700,152180,6
Maloney's Mechanism,Ornate Quiver,108700,152180,6
Badge of the Brotherhood,Turquoise Amulet,108700,152180,1
The Immortal Will,Archon Kite Shield,108700,152180,6
Replica Kaom's Heart,Glorious Plate,108700,152180,6
Replica Red Trail,Titan Greaves,108700,152180,4
Viridi's Veil,Praetor Crown,108700,152180,4
Doppelgänger Guise,Sadist Garb,108700,152180,6
Thunderfist,Murder Mitts,105525,147735,4
Steppan Eard,Sorcerer Boots,105525,147735,4
Heretic's Veil,Deicide Mask,105525,147735,4
Machina Mitts,Murder Mitts,105525,147735,4
Sporeguard,Saint's Hauberk,105525,147735,6
Doryani's Prototype,Saint's Hauberk,105525,147735,6
Paradoxica,Vaal Rapier,102450,143430,4
The Yielding Mortality,Imperial Staff,102450,143430,8
Replica Paradoxica,Vaal Rapier,102450,143430,4
Replica Allure,Vaal Claw,102450,143430,4
Hyrri's Ire,Zodiac Leather,99475,139265,6
The Formless Inferno,Royal Burgonet,17400,24360,4
The Perfect Form,Zodiac Leather,17400,24360,6
Doedre's Skin,Widowsilk Robe,99475,139265,6
The Eternity Shroud,Blood Raiment,198950,238740,6
Replica Perfect Form,Zodiac Leather,99475,139265,6
Replica Hyrri's Ire,Zodiac Leather,99475,139265,6
Varunastra,Vaal Blade,1609475,2253265,6
Uul-Netol's Embrace,Vaal Axe,16900,23660,8
The Surrender,Ezomyte Tower Shield,96575,135205,8
Disintegrator,Maelström Staff,193150,231780,8
Loreweave,Elegant Ringmail,96575,135205,6
Replica Loreweave,Elegant Ringmail,96575,135205,6
Yaomac's Accord,Vaal Sceptre,96575,135205,6
Replica Stampede,Assassin's Boots,93750,131250,4
Shavronne's Wrappings,Occultist's Vestment,91025,127435,6
Darkscorn,Assassin Bow,91025,127435,8
Kintsugi,Exquisite Leather,91025,127435,6
Tulfall,Opal Wand,2925,4095,3
Esh's Visage,Vaal Spirit Shield,15925,22295,4
Arborix,Assassin Bow,91025,127435,8
Apep's Supremacy,Vaal Spirit Shield,91025,127435,4
The Surging Thoughts,Legion Sword,91025,127435,6
The Admiral,Varnished Coat,91025,127435,6
Replica Cold Iron Point,Ezomyte Dagger,91025,127435,3
Replica Tulfall,Opal Wand,91025,127435,3
Abberath's Hooves,Goathide Boots,86525,121135,4
Mjölner,Gavel,85800,120120,6
Replica Abyssus,Ezomyte Burgonet,85800,120120,4
Replica Mistwall,Lacquered Buckler,85800,120120,4
The Iron Fortress,Crusader Plate,83300,116620,6
Iron Heart,Crusader Plate,83300,116620,6
Farrul's Pounce,Hydrascale Gauntlets,83300,116620,4
Fleshcrafter,Necromancer Silks,83300,116620,6
Gravebind,Hydrascale Gauntlets,83300,116620,4
Xoph's Nurture,Citadel Bow,2600,3640,8
Crown of the Tyrant,Magistrate Crown,80875,113225,4
Crest of Desire,Fluted Bascinet,80875,113225,4
Farrul's Bite,Harlequin Mask,78525,109935,4
Offering to the Serpent,Legion Gloves,78525,109935,4
Garb of the Ephemeral,Savant's Robe,76225,106715,6
Maata's Teaching,Karui Sceptre,76225,106715,6
Corpsewalker,Carnal Boots,74000,103600,4
The Fourth Vow,Devout Chainmail,74000,103600,6
The Devouring Diadem,Necromancer Circlet,71850,100590,4
Qotra's Regulator,Sovereign Spiked Shield,71850,100590,4
Atziri's Reflection,Golden Buckler,71850,100590,4
Sandstorm Visage,Necromancer Circlet,71850,100590,4
Utula's Hunger,Majestic Plate,69775,97685,6
Cloak of Defiance,Lacquered Garb,67725,94815,6
Skin of the Lords,Simple Robe,33150,46410,6
Zerphi's Heart,Paua Amulet,66300,92820,1
Replica Frostbreath,Ornate Mace,63850,89390,6
The Covenant,Spidersilk Robe,61975,86765,6
Anathema,Moonstone Ring,61975,86765,1
Replica Covenant,Spidersilk Robe,61975,86765,6
Winds of Change,Ancient Gauntlets,58425,81795,4
Death Rush,Amethyst Ring,56725,79415,1
Emperor's Vigilance,Steel Kite Shield,56725,79415,6
Mahuxotl's Machination,Steel Kite Shield,56725,79415,6
The Pariah,Unset Ring,55075,77105,1
Abhorrent Interrogation,Ambush Mitts,55075,77105,4
The Tempest's Liberation,Callous Mask,55075,77105,4
Perfidy,Glorious Plate,54800,76720,6
Hand of the Fervent,Zealot Gloves,51900,72660,4
Impresence,Onyx Amulet,77475,98135,1
Assailum,Sinner Tricorne,51650,72310,4
Mark of the Elder,Steel Ring,73050,92530,1
Mark of the Shaper,Opal Ring,73050,92530,1
Polaric Devastation,Opal Ring,48700,68180,1
Replica Soul Strike,Spike-Point Arrow Quiver,47500,66500,6
Replica Midnight Bargain,Engraved Wand,47500,66500,3
Brain Rattler,Meatgrinder,47275,66185,8
Razor of the Seventh Sun,Midnight Blade,47275,66185,6
Snakepit,Sapphire Ring,47275,66185,1
The Scourge,Terror Claw,47275,66185,4
Memory Vault,Praetor Crown,47275,66185,4
Grelwood Shank,Eternal Sword,47275,66185,6
Beltimber Blade,Eternal Sword,47275,66185,6
Vulconus,Demon Dagger,47275,66185,3
Augyre,Void Sceptre,47275,66185,6
Gloomfang,Blue Pearl Amulet,47275,66185,1
The Gull,Raven Mask,44775,62685,4
Severed in Sleep,Cutlass,1450,2030,3
United in Dream,Cutlass,7825,10955,3
Blackflame,Amethyst Ring,44775,62685,1
Maligaro's Virtuosity,Deerskin Gloves,44550,62370,4
Asenath's Gentle Touch,Silk Gloves,44550,62370,4
Perandus Signet,Paua Ring,44550,62370,1
Nebuloch,Nightmare Mace,66825,84645,6
Hopeshredder,Ranger Bow,66825,84645,8
Shimmeron,Tornado Wand,66825,84645,3
Beacon of Madness,Two-Toned Boots,44550,62370,4
Sunblast,Cloth Belt,43475,60865,2
Doon Cuebiyari,Vaal Sceptre,43250,60550,6
Death's Door,Crusader Boots,43250,60550,4
Auxium,Crystal Belt,42000,58800,2
Flamesight,Solaris Circlet,42000,58800,4
Galesight,Solaris Circlet,42000,58800,4
Thundersight,Solaris Circlet,42000,58800,4
The Ivory Tower,Saint's Hauberk,42000,58800,6
Leash of Oblation,Leather Belt,42000,58800,2
Mistwall,Lacquered Buckler,42000,58800,4
Maw of Mischief,Bone Helmet,42000,58800,4
The Burden of Truth,Crystal Belt,42000,58800,2
Shadowstitch,Sacrificial Garb,40775,57085,6
Hegemony's Era,Judgement Staff,39600,55440,8
Replica Restless Ward,Carnal Armour,39600,55440,6
Lioneye's Remorse,Pinnacle Tower Shield,38425,53795,8
Incandescent Heart,Saintly Chainmail,38425,53795,6
The Hungry Loop,Unset Ring,38425,53795,1
Chains of Command,Saintly Chainmail,38425,53795,6
Black Zenith,Fingerless Silk Gloves,38425,53795,4
Crown of Eyes,Hubris Circlet,37325,52255,4
Ylfeban's Trickery,Hubris Circlet,37325,52255,4
Voidwalker,Murder Boots,55988,70918,4
Bubonic Trail,Murder Boots,37325,52255,4
Craiceann's Pincers,Titan Gauntlets,37325,52255,4
Usurper's Penance,Eternal Burgonet,37325,52255,4
Replica Voidwalker,Murder Boots,55988,70918,4
Vorana's March,Runic Sabatons,37325,52255,4
Kaom's Spirit,Titan Gauntlets,37325,52255,4
The Shattered Divinity,Blunt Arrow Quiver,36400,50960,6
Mon'tregul's Grasp,Void Sceptre,36225,50715,6
Pledge of Hands,Judgement Staff,36225,50715,8
Kaom's Roots,Titan Greaves,36225,50715,4
Voll's Vision,Praetor Crown,36225,50715,4
Malachai's Vision,Praetor Crown,36225,50715,4
Cospri's Will,Assassin's Garb,36225,50715,6
Tinkerskin,Sadist Garb,36225,50715,6
Hand of Thought and Motion,Imperial Claw,5100,7140,4
The Infinite Pursuit,Titan Greaves,5100,7140,4
The Unshattered Will,Archon Kite Shield,36225,50715,6
Invictus Solaris,Archon Kite Shield,36225,50715,6
Cyclopean Coil,Leather Belt,54338,68828,2
Blasphemer's Grasp,Assassin's Mitts,54338,68828,4
The Grey Spire,Judgement Staff,36225,50715,8
Bitterbind Point,Titanium Spirit Shield,36225,50715,4
Nebulis,Void Sceptre,36225,50715,6
Atziri's Rule,Judgement Staff,36225,50715,8
Cadigan's Crown,Runic Crown,36225,50715,4
The Taming,Prismatic Ring,35350,49490,1
The Bringer of Rain,Nightmare Bascinet,35175,49245,4
Replica Oro's Sacrifice,Infernal Sword,35175,49245,8
Dawnbreaker,Colossal Tower Shield,35175,49245,8
Dreamfeather,Eternal Sword,34150,47810,6
Repentance,Crusader Gloves,34150,47810,4
Shaper's Touch,Crusader Gloves,51225,64885,4
The Enmity Divine,Imperial Staff,34150,47810,8
Vix Lunaris,Cardinal Round Shield,34150,47810,6
Voidfletcher,Primal Arrow Quiver,68300,81960,6
Hands of the High Templar,Crusader Gloves,34150,47810,4
Font of Thunder,Mirrored Spiked Shield,34150,47810,4
Replica Dreamfeather,Eternal Sword,34150,47810,6
The Goddess Scorned,Elegant Sword,33325,46655,6
Rime Gaze,Mind Cage,33150,46410,4
Infernal Mantle,Widowsilk Robe,33150,46410,6
Ming's Heart,Amethyst Ring,33150,46410,1
"Jack, the Axe",Vaal Hatchet,33150,46410,6
Doomsower,Lion Sword,33150,46410,8
Scold's Bridle,Mind Cage,33150,46410,4
The Formless Flame,Royal Burgonet,6100,8540,4
The Snowblind Grace,Zodiac Leather,6100,8540,6
Saqawal's Nest,Blood Raiment,33150,46410,6
Fenumus' Shroud,Widowsilk Robe,33150,46410,6
Hale Negator,Mind Cage,33150,46410,4
Echoes of Creation,Royal Burgonet,49725,62985,4
Taryn's Shiver,Maelström Staff,32200,45080,8
Alpha's Howl,Sinner Tricorne,32200,45080,4
Rebuke of the Vaal,Vaal Blade,32200,45080,6
Hezmana's Bloodlust,Vaal Axe,32200,45080,8
Reach of the Council,Spine Bow,32200,45080,8
Uul-Netol's Kiss,Vaal Axe,5925,8295,8
The Anticipation,Ezomyte Tower Shield,32200,45080,8
Replica Alpha's Howl,Sinner Tricorne,32200,45080,4
Daresso's Defiance,Full Dragonscale,31250,43750,6
Atziri's Acuity,Vaal Gauntlets,31250,43750,4
Fenumus' Spinnerets,Assassin's Boots,31250,43750,4
Crown of the Inward Eye,Prophet Crown,31250,43750,4
Astramentis,Onyx Amulet,30500,42700,1
Presence of Chayula,Onyx Amulet,30500,42700,1
Aul's Uprising,Onyx Amulet,30500,42700,1
Solstice Vigil,Onyx Amulet,45750,57950,1
Leadership's Price,Onyx Amulet,30500,42700,1
Crystallised Omniscience,Onyx Amulet,30500,42700,1
Ashes of the Stars,Onyx Amulet,30500,42700,1
Stormfire,Opal Ring,30425,42595,1
The Searing Touch,Lathi,30350,42490,8
Carcass Jack,Varnished Coat,30350,42490,6
Death's Oath,Astral Plate,30350,42490,6
The Vertex,Vaal Mask,30350,42490,4
Tulborn,Opal Wand,4275,5985,3
Esh's Mirror,Vaal Spirit Shield,5600,7840,4
Yriel's Fostering,Exquisite Leather,30350,42490,6
The Rippling Thoughts,Legion Sword,30350,42490,6
Perepiteia,Ezomyte Spiked Shield,30350,42490,4
Fractal Thoughts,Vaal Mask,30350,42490,4
Cold Iron Point,Ezomyte Dagger,30350,42490,3
Law of the Wilds,Hellion's Paw,30350,42490,4
Blunderbore,Astral Plate,30350,42490,6
Replica Wings of Entropy,Ezomyte Axe,30350,42490,8
Glimpse of Chaos,Vaal Mask,30350,42490,4
Dawnstrider,Vaal Greaves,30350,42490,4
Rigwald's Savagery,Royal Axe,29550,41370,6
Rigwald's Command,Midnight Blade,29550,41370,6
Slivertongue,Harbinger Bow,29550,41370,8
Obscurantis,Lion Pelt,29550,41370,4
Inya's Epiphany,Arcanist Slippers,29450,41230,4
Replica Inya's Epiphany,Arcanist Slippers,29450,41230,4
Abyssus,Ezomyte Burgonet,28600,40040,4
Lightning Coil,Desert Brigandine,28600,40040,6
Null's Inclination,Ranger Bow,28600,40040,8
Dyadian Dawn,Heavy Belt,28600,40040,2
Rigwald's Curse,Wereclaw Talisman,28600,40040,1
Grip of the Council,Arcanist Gloves,28600,40040,4
Saqawal's Flock,Silken Hood,28600,40040,4
The Iron Mass,Gladius,28600,40040,6
The Hidden Blade,Ambusher,28600,40040,3
The Fulcrum,Ezomyte Staff,28600,40040,8
Replica Grip of the Council,Arcanist Gloves,28600,40040,4
Cameria's Avarice,Gavel,28600,40040,6
Contract: The Twins,Vengeful Contract,28225,39515,1
Algor Mortis,Carnal Mitts,27850,38990,4
Saffell's Frame,Branded Kite Shield,27775,38885,6
Queen of the Forest,Destiny Leather,27775,38885,6
Saqawal's Talons,Hydrascale Boots,27775,38885,4
Breathstealer,Hydrascale Gauntlets,27775,38885,4
Expedition's End,Sentinel Jacket,27775,38885,6
Wilma's Requital,Solaris Circlet,27775,38885,4
Gamblesprint,Hydrascale Boots,27775,38885,4
Contract: Death to Darnaw,Naval Contract,27400,38360,1
Unyielding Flame,Archon Kite Shield,27050,37870,6
Xoph's Inception,Citadel Bow,3775,5285,8
Craiceann's Chitin,Magistrate Crown,26950,37730,4
Mask of the Stitched Demon,Magistrate Crown,26950,37730,4
Storm's Gift,Assassin's Mitts,26950,37730,4
Mask of the Tribunal,Magistrate Crown,26950,37730,4
Contract: Heart of Glory,Familial Contract,26600,37240,1
The Magnate,Studded Belt,26300,36820,2
The Torrent's Reclamation,Cloth Belt,26300,36820,2
Replica Soul Tether,Cloth Belt,26300,36820,2
Replica Ungil's Gauche,Boot Knife,26300,36820,3
Replica Badge of the Brotherhood,Turquoise Amulet,26300,36820,1
Perseverance,Vanguard Belt,26250,36750,2
The Black Cane,Royal Sceptre,26250,36750,6
Willowgift,Jade Amulet,26250,36750,1
Eye of Malice,Callous Mask,26250,36750,4
Ancient Skull,Bone Helmet,26250,36750,4
Mind of the Council,Harlequin Mask,26175,36645,4
The Crimson Storm,Steelwood Bow,26175,36645,8
Kaom's Binding,Heavy Belt,26175,36645,2
Contract: Breaking the Unbreakable,Preventative Contract,25825,36155,1
Contract: The Slaver King,Vigilante Contract,25825,36155,1
The Rat Cage,Sharkskin Tunic,25400,35560,6
Craiceann's Carapace,Golden Plate,25400,35560,6
Fate of the Vaal,Gemstone Sword,25400,35560,3
Replica Dragonfang's Flight,Onyx Amulet,25400,35560,1
Lioneye's Vision,Crusader Plate,24750,34650,6
Brinerot Mark,Unset Ring,24675,34545,1
Redblade Band,Unset Ring,24675,34545,1
Mutewind Seal,Unset Ring,24675,34545,1
Ngamahu's Flame,Abyssal Axe,24675,34545,8
Omeyocan,Carnal Boots,24675,34545,4
Tavukai,Coral Amulet,24675,34545,1
Replica Three-step Assault,Shagreen Boots,24675,34545,4
Temptation Step,Shagreen Boots,24675,34545,4
Great Old One's Tentacles,Eelskin Gloves,24025,33635,4
Ceaseless Feast,Spiked Gloves,24025,33635,4
Inextricable Fate,Fugitive Boots,24025,33635,4
Chitus' Apex,Necromancer Circlet,23950,33530,4
Daresso's Courage,Baroque Round Shield,23950,33530,6
Craiceann's Tracks,Goliath Greaves,23950,33530,4
Fenumus' Toxins,Necromancer Circlet,23950,33530,4
Eye of Innocence,Citrine Amulet,23625,33075,1
Leper's Alms,Mirrored Spiked Shield,23625,33075,4
Atziri's Foible,Paua Amulet,23375,32725,1
Ahkeli's Meadow,Ruby Ring,23375,32725,1
Replica Emberwake,Ruby Ring,23375,32725,1
Dyadus,Infernal Axe,23325,32655,6
Atziri's Step,Slink Boots,23325,32655,4
Cherrubim's Maleficence,Triumphant Lamellar,23325,32655,6
Eber's Unification,Hubris Circlet,23325,32655,4
Medved's Challenge,Runic Gauntlets,23325,32655,4
Rainbowstride,Conjurer Boots,23250,32550,4
Apep's Rage,Omen Wand,23250,32550,3
Lightpoacher,Great Crown,23250,32550,4
Forbidden Shako,Great Crown,23250,32550,4
Replica Infractem,Decimation Bow,23250,32550,8
The Beast Fur Shawl,Vaal Regalia,22650,31710,6
Touch of Anguish,Imperial Claw,22650,31710,4
Ahn's Contempt,Praetor Crown,22650,31710,4
Ahn's Might,Midnight Blade,22650,31710,6
Gorgon's Gaze,Regicide Mask,22575,31605,4
Profane Proxy,Unset Ring,22575,31605,1
Witchhunter's Judgment,Highborn Staff,22575,31605,8
Akoya's Gaze,Regicide Mask,22575,31605,4
The Ephemeral Bond,Lapis Amulet,22275,31185,1
Kongor's Undying Rage,Terror Maul,21975,30765,8
Ahn's Heritage,Colossal Tower Shield,21975,30765,8
Saqawal's Winds,Soldier Gloves,21925,30695,4
Legacy of Fury,Wyrmscale Boots,21925,30695,4
Devoto's Devotion,Nightmare Bascinet,21625,30275,4
Bloodgrip,Marble Amulet,21625,30275,1
Agnerod East,Imperial Staff,21350,29890,8
Agnerod North,Imperial Staff,21350,29890,8
Agnerod South,Imperial Staff,21350,29890,8
Agnerod West,Imperial Staff,21350,29890,8
Breath of the Council,Carnal Sceptre,21350,29890,6
The Poised Prism,Primal Arrow Quiver,21350,29890,6
Andvarius,Gold Ring,21275,29785,1
Star of Wraeclast,Ruby Amulet,21275,29785,1
Fenumus' Weave,Carnal Mitts,21275,29785,4
Replica Victario's Charity,Laminated Kite Shield,21275,29785,6
Replica Heartbreaker,Royal Skean,21275,29785,3
Worldcarver,Dragonscale Gauntlets,21000,29400,4
Painseeker,Shagreen Gloves,21000,29400,4
The Poet's Pen,Carved Wand,20775,29085,3
Putembo's Mountain,Topaz Ring,20775,29085,1
Rise of the Phoenix,Mosaic Kite Shield,20725,29015,6
Darkray Vectors,Dragonscale Boots,20725,29015,4
Vis Mortis,Necromancer Silks,20725,29015,6
Ventor's Gamble,Gold Ring,20725,29015,1
Malachai's Loop,Harmonic Spirit Shield,20725,29015,4
Cane of Kulemak,Serpentine Staff,20650,28910,8
The Scales of Justice,Chiming Spirit Shield,20650,28910,4
Bound Fate,Cloth Belt,20650,28910,2
Death's Hand,Karui Sceptre,20400,28560,6
Doryani's Catalyst,Vaal Sceptre,20125,28175,6
Soul Strike,Spike-Point Arrow Quiver,20125,28175,6
Geofri's Sanctuary,Elegant Ringmail,20125,28175,6
Hyrri's Truth,Jade Amulet,20125,28175,1
Rashkaldor's Patience,Jade Amulet,20050,28070,1
Maw of Conquest,Steel Circlet,20050,28070,4
The Jinxed Juju,Citrine Amulet,20050,28070,1
The Restless Ward,Carnal Armour,19800,27720,6
Replica Siegebreaker,Heavy Belt,19575,27405,2
Speaker's Wreath,Prophet Crown,19525,27335,4
The Stampede,Assassin's Boots,19525,27335,4
Actum,Butcher Axe,19525,27335,6
Cerberus Limb,Blood Sceptre,19475,27265,6
Replica Kalisa's Grace,Samite Gloves,19475,27265,4
Replica Innsbury Edge,Elder Sword,19475,27265,6
Jaws of Agony,Supreme Spiked Shield,19225,26915,4
Rive,Terror Claw,19225,26915,4
Mercenary's Lot,Slink Gloves,19225,26915,4
The Oppressor,Elegant Round Shield,19225,26915,6
Hyaon's Fury,Legion Sword,18975,26565,6
Singularity,Platinum Sceptre,18975,26565,6
Apep's Slumber,Vaal Spirit Shield,18975,26565,4
Belly of the Beast,Full Wyrmscale,18900,26460,6
Redblade Tramplers,Ancient Greaves,18900,26460,4
Veruso's Battering Rams,Titan Gauntlets,18650,26110,4
Asenath's Mark,Iron Circlet,18450,25830,4
Uzaza's Valley,Sapphire Ring,18450,25830,1
Scorpion's Call,Heavy Arrow Quiver,18400,25760,6
Soulthirst,Cloth Belt,18350,25690,2
The Tempest's Binding,Callous Mask,18350,25690,4
Slavedriver's Hand,Ambush Mitts,18350,25690,4
Vivinsect,Unset Ring,18350,25690,1
Replica Malachai's Artifice,Unset Ring,18350,25690,1
Replica Voideye,Unset Ring,18350,25690,1
Rotblood Promise,Unset Ring,18350,25690,1
Triumvirate Authority,Unset Ring,18350,25690,1
Izaro's Dilemma,Imperial Claw,18125,25375,4
Nuro's Harp,Harbinger Bow,18125,25375,8
Xoph's Blood,Amber Amulet,17900,25060,1
The Pandemonius,Jade Amulet,17900,25060,1
Choir of the Storm,Lapis Amulet,17900,25060,1
Replica Hyrri's Truth,Jade Amulet,17900,25060,1
Starkonja's Head,Silken Hood,17875,25025,4
Romira's Banquet,Diamond Ring,17875,25025,1
Scaeva,Gladius,17875,25025,6
Cane of Unravelling,Ezomyte Staff,17875,25025,8
Soulwrest,Ezomyte Staff,17875,25025,8
Cowl of the Thermophile,Ezomyte Burgonet,17875,25025,4
Cowl of the Cryophile,Silken Hood,17875,25025,4
The Blood Dance,Sharkskin Boots,17825,24955,4
Hinekora's Sight,Onyx Amulet,17825,24955,1
Replica Hinekora's Sight,Onyx Amulet,17825,24955,1
Oro's Sacrifice,Infernal Sword,17575,24605,8
Surgebinders,Dragonscale Gauntlets,17575,24605,4
Piscator's Vigil,Imbued Wand,17350,24290,3
The Dancing Dervish,Reaver Sword,17350,24290,8
Hiltless,Reaver Sword,17350,24290,8
Dendrobate,Sentinel Jacket,17350,24290,6
Cowl of the Ceraunophile,Solaris Circlet,17350,24290,4
Haemophilia,Serpentscale Gauntlets,17300,24220,4
Volkuur's Guidance,Zealot Gloves,17300,24220,4
Replica Volkuur's Guidance,Zealot Gloves,17300,24220,4
Callinellus Malleus,Auric Mace,17075,23905,6
The Goddess Unleashed,Eternal Sword,17075,23905,6
Allure,Vaal Claw,17075,23905,4
Debeon's Dirge,Despot Axe,17075,23905,8
White Wind,Imperial Skean,17075,23905,3
Kaom's Primacy,Karui Chopper,80875,113225,8
Snakebite,Assassin's Mitts,16850,23590,4
Ichimonji,Corsair Sword,16850,23590,3
Mask of the Spirit Drinker,Magistrate Crown,16850,23590,4
The Ghastly Theatre,Teak Round Shield,16850,23590,6
The Gluttonous Tide,Citadel Bow,16850,23590,8
Mutewind Pennant,Enameled Buckler,16800,23520,4
Mutewind Whispersteps,Serpentscale Boots,16800,23520,4
Tainted Pact,Coral Amulet,16800,23520,1
Null and Void,Legion Gloves,16350,22890,4
Kiloava's Bluster,Ironwood Buckler,16350,22890,4
The Supreme Truth,Crystal Sceptre,16300,22820,6
Nycta's Lantern,Crystal Sceptre,16300,22820,6
Tremor Rod,Military Staff,16300,22820,8
Brinerot Whalers,Trapper Boots,16300,22820,4
Allelopathy,Satin Gloves,16300,22820,4
Replica Allelopathy,Satin Gloves,16300,22820,4
Mark of the Doubting Knight,Platinum Kris,16100,22540,3
Skin of the Loyal,Simple Robe,2775,3885,6
Replica Atziri's Foible,Paua Amulet,15925,22295,1
Greed's Embrace,Golden Plate,15875,22225,6
Story of the Vaal,Gemstone Sword,15875,22225,3
Storm Secret,Topaz Ring,15875,22225,1
Ahuana's Bite,Sharktooth Arrow Quiver,15875,22225,6
Marylene's Fallacy,Lapis Amulet,15825,22155,1
Call of the Brotherhood,Two-Stone Ring,15825,22155,1
Emberwake,Ruby Ring,15825,22155,1
Trypanon,Great Mallet,15825,22155,8
Voice of the Storm,Lapis Amulet,15825,22155,1
Fury Valve,Turquoise Amulet,15825,22155,1
Mother's Embrace,Heavy Belt,15825,22155,2
Blood Price,Reaver Helmet,15825,22155,4
Thousand Teeth Temu,Vaal Buckler,15625,21875,4
The Broken Crown,Prophet Crown,15625,21875,4
The Retch,Rustic Sash,15450,21630,2
Voidbringer,Conjurer Gloves,15425,21595,4
Dance of the Offered,Carnal Boots,15425,21595,4
Sin Trek,Stealth Boots,15175,21245,4
Chin Sol,Assassin Bow,15175,21245,8
Wings of Entropy,Ezomyte Axe,15175,21245,8
Sinvicta's Mettle,Ezomyte Axe,15175,21245,8
Voidhome,Dread Maul,14975,20965,8
Pyroshock Clasp,Leather Belt,14975,20965,2
Circle of Nostalgia,Amethyst Ring,14925,20895,1
Chernobog's Pillar,Ebony Tower Shield,14725,20615,8
Kingsguard,Conquest Chainmail,14725,20615,6
Kondo's Pride,Ezomyte Blade,14725,20615,8
Geofri's Crest,Great Crown,14525,20335,4
Bronn's Lithe,Cutthroat's Garb,14525,20335,6
The Consuming Dark,Fiend Dagger,14525,20335,3
The Coming Calamity,Destroyer Regalia,14525,20335,6
Command of the Pit,Riveted Gloves,14500,20300,4
Replica Harvest,Jasper Chopper,14500,20300,8
Cameria's Maul,Gavel,14300,20020,6
Balefire,Opal Sceptre,14300,20020,6
The Wasp Nest,Throat Stabber,14300,20020,4
Taproot,Ambusher,14300,20020,3
The Druggery,Cloth Belt,14300,20020,2
Goblinedge,Ambusher,14300,20020,3
The Redblade,Gladius,14300,20020,6
Victario's Influence,Lacquered Garb,14100,19740,6
Crown of the Pale King,Regicide Mask,14100,19740,4
Oskarm,Nubuck Gloves,14100,19740,4
Aurseize,Steelscale Gauntlets,14075,19705,4
Tombfist,Steelscale Gauntlets,14075,19705,4
Vixen's Entrapment,Embroidered Gloves,14075,19705,4
Moonsorrow,Imbued Wand,13875,19425,3
Obliteration,Imbued Wand,13875,19425,3
Replica Soul Taker,Siege Axe,13875,19425,6
The Dancing Duo,Reaver Sword,13875,19425,8
The Fledgling,Lacquered Helmet,13700,19180,4
Voll's Protector,Holy Chainmail,13650,19110,6
Meginord's Vise,Steel Gauntlets,13650,19110,4
Redblade Banner,Painted Tower Shield,13650,19110,8
Xoph's Heart,Amber Amulet,13650,19110,1
The Halcyon,Jade Amulet,13650,19110,1
Replica Earendel's Embrace,Grinning Fetish,13650,19110,6
Gang's Momentum,Legion Boots,13475,18865,4
Femurs of the Saints,Primordial Staff,13475,18865,8
March of the Legion,Legion Boots,13475,18865,4
Sign of the Sin Eater,Tyrant's Sekhem,13475,18865,6
Rotting Legion,Loricated Ringmail,13475,18865,6
The Burden of Shadows,Primordial Staff,13475,18865,8
Warped Timepiece,Turquoise Amulet,13300,18620,1
Heartbound Loop,Moonstone Ring,13300,18620,1
Frostbreath,Ornate Mace,13300,18620,6
Darkness Enthroned,Stygian Vise,13300,18620,2
Perquil's Toe,Gold Amulet,13300,18620,1
Nametaker,Graceful Sword,13300,18620,6
Soul Mantle,Spidersilk Robe,12925,18095,6
Alberon's Warpath,Soldier Boots,12925,18095,4
Sire of Shards,Serpentine Staff,12925,18095,8
Wyrmsign,Wyrmscale Gauntlets,12925,18095,4
Venopuncture,Iron Ring,12925,18095,1
Icefang Orbit,Iron Ring,12925,18095,1
Shattershard,Crimson Round Shield,12925,18095,6
Steelworm,Broadhead Arrow Quiver,12925,18095,6
Tanu Ahi,Wyrmscale Gauntlets,12925,18095,4
Bloodsoaked Medallion,Amber Amulet,12925,18095,1
Windscream,Reinforced Greaves,12875,18025,4
Deidbell,Gilded Sallet,12875,18025,4
The Whispering Ice,Vile Staff,12875,18025,8
Gluttony,Leather Belt,12525,17535,2
Nightgrip,Runic Gages,12525,17535,4
Olroth's Charge,Runic Sollerets,12525,17535,4
Sudden Dawn,Steel Circlet,12525,17535,4
Ephemeral Edge,Dusk Blade,625025,875035,6
Death's Harp,Death Bow,12500,17500,8
Bitterdream,Shadow Sceptre,12500,17500,6
Replica Iron Commander,Death Bow,12500,17500,8
Hrimnor's Resolve,Samnite Helmet,12325,17255,4
Rat's Nest,Ursine Pelt,12325,17255,4
Maloney's Nightfall,Vile Arrow Quiver,12325,17255,6
Three-step Assault,Shagreen Boots,12325,17255,4
The Ascetic,Gold Amulet,12325,17255,1
The Highwayman,Gold Ring,12325,17255,1
Innsbury Edge,Elder Sword,12175,17045,6
The Fracturing Spinner,Blunt Arrow Quiver,12125,16975,6
Atziri's Mirror,Golden Buckler,11975,16765,4
Great Old One's Ward,Corrugated Buckler,11825,16555,4
Replica Advancing Fortress,Gut Ripper,11825,16555,4
Kahuturoa's Certainty,Ancient Greaves,11825,16555,4
Umbilicus Immortalis,Leather Belt,11775,16485,2
Xirgil's Crank,Coiled Staff,11775,16485,8
Bisco's Collar,Gold Amulet,11775,16485,1
Bisco's Leash,Heavy Belt,11775,16485,2
Replica Lioneye's Paws,Bronzescale Boots,11775,16485,4
Relic of the Pact,Sage Wand,11775,16485,3
Infractem,Decimation Bow,11625,16275,8
Prismatic Eclipse,Twilight Blade,11625,16275,6
Empire's Grasp,Goliath Gauntlets,11625,16275,4
Replica Forbidden Shako,Great Crown,11625,16275,4
Geofri's Legacy,Great Crown,11625,16275,4
Voideye,Unset Ring,11475,16065,1
Malachai's Artifice,Unset Ring,11475,16065,1
Kongming's Stratagem,Ancient Spirit Shield,11475,16065,4
Essence Worm,Unset Ring,11475,16065,1
Architect's Hand,Ambush Mitts,11475,16065,4
The Annihilating Light,Quarterstaff,11475,16065,8
Stormseeker,Ambush Mitts,11475,16065,4
The Geomantic Gyre,Highborn Staff,11300,15820,8
Maligaro's Restraint,Chain Belt,11150,15610,2
Jorrhast's Blacksteel,Steelhead,11150,15610,8
Natural Hierarchy,Rotfeather Talisman,53475,74865,1
Ascent From Flesh,Chain Belt,11150,15610,2
Kitava's Thirst,Zealot Helmet,11150,15610,4
Soulbound,Paua Ring,11150,15610,1
Doomfletch,Royal Bow,11100,15540,8
Brutus' Lead Sprinkler,Ritual Sceptre,11100,15540,6
Terminus Est,Tiger Sword,10950,15330,8
Black Sun Crest,Lacquered Helmet,10950,15330,4
Southbound,Soldier Gloves,10950,15330,4
Ambu's Charge,Crusader Chainmail,10825,15155,6
Replica Ambu's Charge,Crusader Chainmail,10825,15155,6
Vaal Caress,Bronzescale Gauntlets,10775,15085,4
Heartbreaker,Royal Skean,10650,14910,3
Immortal Flesh,Leather Belt,10650,14910,2
Victario's Charity,Laminated Kite Shield,10650,14910,6
The Embalmer,Carnal Mitts,10650,14910,4
Zeel's Amplifier,Polished Spiked Shield,10325,14455,4
The Eternal Apple,Chiming Spirit Shield,10325,14455,4
Pragmatism,Colosseum Plate,10325,14455,6
Demon Stitcher,Satin Gloves,10200,14280,4
Eye of Chayula,Onyx Amulet,10175,14245,1
The Eternal Struggle,Onyx Amulet,10175,14245,1
Midnight Bargain,Engraved Wand,9900,13860,3
Ceinture of Benevolence,Cloth Belt,9900,13860,2
Dream Fragments,Sapphire Ring,9875,13825,1
Reverberation Rod,Spiraled Wand,9875,13825,3
Winterweave,Coral Ring,9875,13825,1
Bloodboil,Coral Ring,9875,13825,1
Doedre's Tongue,Lapis Amulet,9875,13825,1
Kalisa's Grace,Samite Gloves,9750,13650,4
Lightbane Raiment,Ornate Ringmail,9750,13650,6
Doedre's Scorn,Lunaris Circlet,9600,13440,4
Moonbender's Wing,Tomahawk,9600,13440,6
The Flawed Refuge,Maple Round Shield,9600,13440,6
Ungil's Harmony,Turquoise Amulet,9575,13405,1
Brinerot Flag,Tarnished Spirit Shield,9575,13405,4
Ornament of the East,Gut Ripper,9450,13230,4
Advancing Fortress,Gut Ripper,9450,13230,4
Valako's Sign,Topaz Ring,9325,13055,1
Replica Bones of Ullr,Silk Slippers,9300,13020,4
The Blood Reaper,Headsman Axe,9175,12845,8
Sibyl's Lament,Coral Ring,9175,12845,1
The Anvil,Amber Amulet,9175,12845,1
Maligaro's Lens,Compound Spiked Shield,9175,12845,4
Mark of Submission,Unset Ring,9175,12845,1
The Signal Fire,Blazing Arrow Quiver,9175,12845,6
Corona Solaris,Crystal Wand,9175,12845,3
The Harvest,Jasper Chopper,9050,12670,8
Rigwald's Charge,Highland Blade,8900,12460,8
Widowmaker,Boot Blade,8900,12460,3
Siegebreaker,Heavy Belt,8900,12460,2
Tawhanuku's Timing,Moonstone Ring,8900,12460,1
Heatshiver,Leather Hood,8775,12285,4
Berek's Respite,Two-Stone Ring,8775,12285,1
Rigwald's Crest,Two-Stone Ring,8775,12285,1
The Flow Untethered,Cloth Belt,8775,12285,2
Replica Tempestuous Steel,War Sword,8775,12285,6
Arn's Anguish,Cloth Belt,8775,12285,2
Olesya's Delight,Cloth Belt,8775,12285,2
Graven's Secret,Cloth Belt,8775,12285,2
Ixchel's Temptation,Gold Ring,8775,12285,1
Replica Heatshiver,Leather Hood,8775,12285,4
Daresso's Passion,Estoc,8650,12110,4
El'Abin's Visage,Fencer Helm,8650,12110,4
Bloodbond,Bone Armour,8525,11935,6
Wurm's Molt,Leather Belt,8400,11760,2
Winterheart,Gold Amulet,8400,11760,1
Goldwyrm,Nubuck Boots,8300,11620,4
The Primordial Chain,Coral Amulet,8300,11620,1
Plume of Pursuit,Bone Circlet,8300,11620,4
Cloak of Flame,Scholar's Robe,8275,11585,6
Clayshaper,Rock Breaker,8150,11410,6
Sentari's Answer,Brass Spirit Shield,8050,11270,4
Chober Chaber,Great Mallet,7925,11095,8
Eclipse Solaris,Engraved Wand,290675,406945,3
Chaber Cairn,Great Mallet,7925,11095,8
The Aylardex,Agate Amulet,7825,10955,1
Iron Commander,Death Bow,7825,10955,8
Replica Bitterdream,Shadow Sceptre,7825,10955,6
Ahkeli's Valley,Ruby Ring,7800,10920,1
Precursor's Emblem,Ruby Ring,7800,10920,1
Circle of Anguish,Ruby Ring,7800,10920,1
Icetomb,Latticed Ringmail,7675,10745,6
Crystal Vault,Latticed Ringmail,7675,10745,6
Orbala's Stand,Eelskin Boots,7675,10745,4
Rearguard,Blunt Arrow Quiver,7575,10605,6
Shadows and Dust,Clasped Mitts,7575,10605,4
Demigod's Beacon,Golden Flame,7575,10605,6
Aukuna's Will,Clasped Mitts,7575,10605,4
Replica Winterheart,Gold Amulet,7575,10605,1
Valyrium,Moonstone Ring,7475,10465,1
Lioneye's Paws,Bronzescale Boots,7375,10325,4
Thief's Torment,Prismatic Ring,7375,10325,1
Lori's Lantern,Prismatic Ring,7375,10325,1
Replica Twyzel,Sage Wand,7375,10325,3
Zahndethus' Cassock,Sage's Robe,7250,10150,6
Mindspiral,Aventail Helmet,7250,10150,4
Cybil's Paw,Thresher Claw,7250,10150,4
Torchoak Step,Antique Greaves,7250,10150,4
Chalice of Horrors,War Buckler,7150,10010,4
Ngamahu's Sign,Ruby Ring,7150,10010,1
Skullhead,Secutor Helm,7025,9835,4
Skirmish,Two-Point Arrow Quiver,7025,9835,6
Gifts from Above,Diamond Ring,6950,9730,1
Blightwell,Clutching Talisman,11100,15540,1
Replica Leer Cast,Festival Mask,6950,9730,4
Putembo's Meadow,Topaz Ring,6925,9695,1
Circle of Regret,Topaz Ring,6925,9695,1
The Three Dragons,Golden Mask,6825,9555,4
Earendel's Embrace,Grinning Fetish,6825,9555,6
Willclash,Golden Mask,6825,9555,4
Lycosidae,Rawhide Tower Shield,6725,9415,8
Mortem Morsu,Fright Claw,6625,9275,4
Al Dhih,Timeworn Claw,6550,9170,4
The Baron,Close Helmet,6550,9170,4
Fairgraves' Tricorne,Tricorne,6525,9135,4
Hyperboreus,Leather Belt,6525,9135,2
Survivor's Guilt,Heavy Belt,6525,9135,2
Reaper's Pursuit,Shadow Axe,6450,9030,8
Deidbellow,Gilded Sallet,6450,9030,4
Windshriek,Reinforced Greaves,6450,9030,4
Drillneck,Penetrating Arrow Quiver,6350,8890,6
Timeclasp,Moonstone Ring,6350,8890,1
Faithguard,Runic Helm,6350,8890,4
Shavronne's Pace,Scholar Boots,6250,8750,4
Briskwrap,Sun Leather,6250,8750,6
Flesh-Eater,Dream Mace,6250,8750,6
Triad Grip,Mesh Gloves,6250,8750,4
Shavronne's Gambit,Scholar Boots,6250,8750,4
Death's Opus,Death Bow,6250,8750,8
Le Heup of All,Iron Ring,6175,8645,1
Pyre,Sapphire Ring,6150,8610,1
Uzaza's Mountain,Sapphire Ring,6150,8610,1
Circle of Fear,Sapphire Ring,6150,8610,1
Replica Tasalio's Sign,Sapphire Ring,6150,8610,1
Call of the Void,Sapphire Ring,12300,14760,1
Ikiaho's Promise,Coral Amulet,6075,8505,1
Matua Tupuna,Tarnished Spirit Shield,6000,8400,4
The Trickster's Smile,Visored Sallet,6000,8400,4
Blood of Corruption,Amber Amulet,5975,8365,1
Replica Karui Ward,Jade Amulet,5975,8365,1
Mightflay,Flaying Knife,5900,8260,3
Titucius' Span,Reinforced Tower Shield,5900,8260,8
Twyzel,Sage Wand,5900,8260,3
Chitus' Needle,Elegant Foil,5900,8260,4
The Warden's Brand,Iron Ring,5900,8260,1
Retaliation Charm,Citrine Amulet,5900,8260,1
Elevore,Wolf Pelt,5900,8260,4
Veil of the Night,Great Helmet,5825,8155,4
Edge of Madness,Etched Greatsword,5825,8155,8
Replica Veil of the Night,Great Helmet,5825,8155,4
Relentless Fury,Decorative Axe,5725,8015,6
Thirst for Horrors,War Buckler,5725,8015,4
Fated End,Paua Ring,5625,7875,1
Replica Doedre's Damning,Paua Ring,5625,7875,1
Wake of Destruction,Mesh Boots,5550,7770,4
Leer Cast,Festival Mask,5550,7770,4
Lakishu's Blade,Elegant Sword,5550,7770,6
The Stormheart,Royal Staff,5550,7770,8
Viper's Scales,Full Scale Armour,5550,7770,6
Doomfletch's Prism,Royal Bow,5550,7770,8
The Stormwall,Royal Staff,5550,7770,8
Meginord's Girdle,Heavy Belt,5475,7665,2
Berek's Pass,Two-Stone Ring,5475,7665,1
Berek's Grip,Two-Stone Ring,5475,7665,1
Kikazaru,Topaz Ring,5475,7665,1
Belt of the Deceiver,Heavy Belt,5475,7665,2
Tasalio's Sign,Sapphire Ring,5475,7665,1
Maligaro's Cruelty,Turquoise Amulet,5475,7665,1
Curtain Call,Plague Mask,5475,7665,4
The Felbog Fang,Citrine Amulet,5475,7665,1
Honoured Alliance,Coral Ring,5475,7665,1
Geofri's Baptism,Brass Maul,5400,7560,8
Sundance,Clasped Boots,5400,7560,4
Slitherpinch,Bronzescale Gauntlets,5400,7560,4
Queen's Decree,Ornate Sword,5400,7560,8
Glitterdisc,Burnished Spiked Shield,5400,7560,4
Queen's Escape,Ornate Sword,5400,7560,8
Sunspite,Clasped Boots,5400,7560,4
Geofri's Devotion,Brass Maul,5400,7560,8
Thousand Ribbons,Simple Robe,5300,7420,6
Tabula Rasa,Simple Robe,5300,7420,6
Ewar's Mirage,Antique Rapier,5225,7315,4
Mark of the Red Covenant,Tribal Circlet,5225,7315,4
Coward's Legacy,Chain Belt,5150,7210,2
Circle of Guilt,Iron Ring,5150,7210,1
Chains of Emancipation,Chain Belt,5150,7210,2
Carnage Heart,Onyx Amulet,5075,7105,1
Foxshade,Wild Leather,5075,7105,6
Prismweave,Rustic Sash,5075,7105,2
Duskwing,Saqawine Vulture,5075,7105,1
Timetwist,Moonstone Ring,5075,7105,1
Fox's Fortune,Wild Leather,5075,7105,6
Malachai's Simula,Iron Mask,5025,7035,4
Ashrend,Buckskin Tunic,5025,7035,6
Solaris Lorica,Copper Plate,5025,7035,6
Trolltimber Spire,Cedar Tower Shield,5025,7035,8
Widowhail,Crude Bow,5000,7000,6
Storm Prison,Spiraled Wand,4925,6895,3
Amplification Rod,Spiraled Wand,4925,6895,3
Facebreaker,Strapped Mitts,4875,6825,4
Mokou's Embrace,Ruby Ring,4875,6825,1
Ahkeli's Mountain,Ruby Ring,4875,6825,1
The Peregrine,Visored Sallet,4800,6720,4
Stormcharger,Plated Greaves,4800,6720,4
Giantsbane,Bronze Gauntlets,4800,6720,4
Whakatutuki o Matua,Tarnished Spirit Shield,4800,6720,4
Flesh and Spirit,Ironscale Gauntlets,4725,6615,4
Replica Bloodplay,Stiletto,4725,6615,3
Bones of Ullr,Silk Slippers,4650,6510,4
Quecholli,Jagged Maul,4650,6510,8
Deerstalker,Deerskin Boots,4650,6510,4
Fidelitas' Spike,Jagged Foil,4650,6510,4
Bated Breath,Chain Belt,4650,6510,2
Praxis,Paua Ring,4650,6510,1
Panquetzaliztli,Jagged Maul,4650,6510,8
Perandus Blazon,Cloth Belt,4375,6125,2
Ungil's Gauche,Boot Knife,4375,6125,3
Brightbeak,War Hammer,4375,6125,6
Daresso's Salute,Citrine Amulet,4375,6125,1
Victario's Acuity,Turquoise Amulet,4375,6125,1
Asphyxia's Wrath,Feathered Arrow Quiver,4375,6125,6
Shaper's Seed,Agate Amulet,4375,6125,1
The Deep One's Hide,Studded Round Shield,4375,6125,6
Lavianga's Wisdom,War Hammer,4375,6125,6
Spine of the First Claimant,Iron Sceptre,4375,6125,6
Extractor Mentis,Agate Amulet,4375,6125,1
Demigod's Dominance,Golden Mantle,4375,6125,6
The Tempestuous Steel,War Sword,4375,6125,6
Saemus' Gift,Feathered Arrow Quiver,4375,6125,6
Frostferno,Leather Hood,4375,6125,4
The Tactician,Studded Belt,4375,6125,2
The Nomad,Studded Belt,4375,6125,2
Victario's Flight,Goathide Boots,4325,6055,4
Ashcaller,Carved Wand,4325,6055,3
Putembo's Valley,Topaz Ring,4325,6055,1
Ghostwrithe,Silken Vest,4200,5880,6
Dusktoe,Ironscale Boots,4125,5775,4
Wideswing,Poleaxe,4125,5775,8
Faminebind,Rustic Sash,4125,5775,2
Roth's Reach,Recurve Bow,4125,5775,8
Duskblight,Ironscale Boots,4125,5775,4
Thrillsteel,Barbute Helmet,4125,5775,4
Doryani's Invitation,Heavy Belt,4075,5705,2
Night's Hold,Black Maw Talisman,4075,5705,1
String of Servitude,Heavy Belt,4075,5705,2
Bear's Girdle,Leather Belt,4075,5705,2
Hrimnor's Hymn,Sledgehammer,4000,5600,8
Aurumvorax,Basket Rapier,4000,5600,4
Hrimnor's Dirge,Sledgehammer,4000,5600,8
Malachai's Awakening,Iron Mask,4000,5600,4
Kaltenhalt,Painted Buckler,3900,5460,4
Nomic's Storm,Strapped Boots,3900,5460,4
Dreadarc,Cleaver,3900,5460,6
Kaltensoul,Painted Buckler,3900,5460,4
Dreadsurge,Cleaver,3900,5460,6
Uzaza's Meadow,Sapphire Ring,3850,5390,1
Wreath of Phrecia,Iron Circlet,3850,5390,4
Demigod's Presence,Gold Amulet,3775,5285,1
The Ignomon,Gold Amulet,3775,5285,1
Bloodplay,Stiletto,3775,5285,3
The Effigon,Gold Amulet,3775,5285,1
The Untouched Soul,Gold Amulet,3775,5285,1
Tipua Kaikohuru,Whalebone Rapier,3725,5215,4
The Goddess Bound,Whalebone Rapier,3725,5215,4
Shackles of the Wretched,Chain Gloves,3725,5215,4
Hyrri's Bite,Sharktooth Arrow Quiver,3675,5145,6
Hyrri's Demise,Sharktooth Arrow Quiver,3675,5145,6
Chain of Endurance,Chain Belt,3675,5145,2
Limbsplit,Woodsplitter,3575,5005,8
Pillar of the Caged God,Iron Staff,3575,5005,8
Dying Breath,Iron Staff,3575,5005,8
Realmshaper,Iron Staff,3575,5005,8
The Cauteriser,Woodsplitter,3575,5005,8
Realm Ender,Iron Staff,3575,5005,8
Doedre's Damning,Paua Ring,3525,4935,1
Quill Rain,Short Bow,3525,4935,6
Replica Quill Rain,Short Bow,3525,4935,6
Shiversting,Bastard Sword,3450,4830,8
Honourhome,Soldier Helmet,3450,4830,4
Doedre's Tenure,Velvet Gloves,3450,4830,4
Demigod's Triumph,Golden Wreath,3450,4830,4
Demigod's Stride,Golden Caligae,3450,4830,4
Demigod's Touch,Golden Bracers,3450,4830,4
Demigod's Bounty,Golden Obi,3450,4830,2
Demigod's Eye,Golden Hoop,3450,4830,1
Wildslash,Awl,3450,4830,4
Demigod's Immortality,Golden Visage,3450,4830,4
Doedre's Malevolence,Velvet Gloves,3450,4830,4
Kaom's Sign,Coral Ring,3425,4795,1
Replica Blood Thorn,Gnarled Branch,3425,4795,4
Replica Fencoil,Gnarled Branch,3425,4795,4
Feastbind,Rustic Sash,3350,4690,2
Sadima's Touch,Wool Gloves,3325,4655,4
Goldrim,Leather Cap,3325,4655,4
Sacrificial Heart,Paua Amulet,3325,4655,1
Replica Last Resort,Nailed Fist,3325,4655,4
The Princess,Sabre,3250,4550,3
Gorebreaker,Spiked Club,3250,4550,3
Axiom Perpetuum,Bronze Sceptre,3250,4550,6
Coward's Chains,Chain Belt,3225,4515,2
Replica Prismweave,Rustic Sash,3225,4515,2
Wondertrap,Velvet Slippers,3175,4445,4
Hrimsorrow,Goathide Gloves,3175,4445,4
Storm Cloud,Long Bow,3175,4445,8
Hrimburn,Goathide Gloves,3175,4445,4
Greedtrap,Velvet Slippers,3175,4445,4
Wildwrap,Strapped Leather,3175,4445,6
Bramblejack,Plate Vest,3125,4375,6
Crest of Perandus,Pine Buckler,3075,4305,4
Asenath's Chant,Iron Circlet,3075,4305,4
Stone of Lazhwar,Lapis Amulet,2975,4165,1
Karui Ward,Jade Amulet,2975,4165,1
Springleaf,Plank Kite Shield,2975,4165,6
Tear of Purity,Lapis Amulet,2975,4165,1
Karui Charge,Jade Amulet,2975,4165,1
The Oak,Plank Kite Shield,2975,4165,6
The Screaming Eagle,Jade Hatchet,2900,4060,6
Abberath's Horn,Goat's Horn,2900,4060,3
The Gryphon,Jade Hatchet,2900,4060,6
Ondar's Clasp,Wrapped Mitts,2825,3955,4
Wheel of the Stormsail,Rotted Round Shield,2825,3955,6
Goredrill,Skinning Knife,2825,3955,3
Sanguine Gambol,Skinning Knife,2825,3955,3
The Megalomaniac,Bronze Stalker Sentinel,2825,3955,4
Fencoil,Gnarled Branch,2725,3815,4
Craghead,Serrated Arrow Quiver,2725,3815,6
The Blood Thorn,Gnarled Branch,2725,3815,4
Kaom's Way,Coral Ring,2725,3815,1
Cragfall,Serrated Arrow Quiver,2725,3815,6
Mirebough,Gnarled Branch,2725,3815,4
Sidhebreath,Paua Amulet,2650,3710,1
Crown of Thorns,Vine Circlet,2650,3710,4
Araku Tiki,Coral Amulet,2650,3710,1
Wanderlust,Wool Shoes,2650,3710,4
Last Resort,Nailed Fist,2650,3710,4
Ngamahu Tiki,Coral Amulet,2650,3710,1
Martyr's Crown,Vine Circlet,2650,3710,4
Blackheart,Iron Ring,2575,3605,1
Blackgleam,Blazing Arrow Quiver,2575,3605,6
Voidheart,Iron Ring,2575,3605,1
Oni-Goroshi,Charan's Sword,2575,3605,6
Redbeak,Rusted Sword,2500,3500,3
Silverbranch,Crude Bow,2500,3500,6
Ezomyte Peak,Iron Hat,2500,3500,4
Lochtonial Caress,Iron Gauntlets,2500,3500,4
Lifesprig,Driftwood Wand,2500,3500,3
Talisman of the Victor,Jet Amulet,2500,3500,1
Demigod's Authority,Golden Blade,2500,3500,6
Wall of Brambles,Plate Vest,2500,3500,6
Ezomyte Hold,Iron Hat,2500,3500,4
Silverbough,Crude Bow,2500,3500,6
Dreadbeak,Rusted Sword,2500,3500,3
Grace of the Goddess,Prophecy Wand,108700,152180,3
Starcaller,Abyssal Axe,348825,488355,8
Legacy of the Rose,Judgement Staff,348825,488355,8
The Living Blade,Ezomyte Blade,29450,41230,8
Tawhoa's Felling,Piledriver,18400,25760,8
Cadigan's Authority,Platinum Sceptre,30350,42490,3
Mystic Refractor,Pagan Wand,53050,74270,3
Ynda's Stand,Studded Belt,22575,31605,2
The Tides of Time,Vanguard Belt,189000,239400,2
Venarius' Astrolabe,Astrolabe Amulet,534700,588170,1
Coiling Whisper,Amethyst Ring,149250,208950,1
Enmity's Embrace,Vermillion Ring,154975,216965,1
Binds of Bloody Vengeance,Vanguard Belt,252000,352800,2
Circle of Ambition,Prismatic Ring,35350,49490,1
Whispers of Infinity,Seaglass Amulet,129775,181685,1
The Hateful Accuser,Nameless Ring,108700,152180,1
Betrayal's Sting,Steel Ring,146075,204505,1
The Arkhon's Tools,Cloth Belt,131525,184135,2
Squirming Terror,Unset Ring,36725,51415,1
The Queller of Minds,Nameless Ring,18125,25375,1
The Selfish Shepherd,Nameless Ring,18125,25375,1
Soul Tether,Cloth Belt,20050,28070,2
Prospero's Protection,Iron Ring,15625,21875,1
Nevalius Inheritance,Cloth Belt,8775,12285,2
Grattus Signet,Diamond Ring,6350,8890,1
The Tempest,Long Bow,3175,4445,8
Serle's Masterwork,Phantom Mace,14525,20335,6
Svalinn,Girded Tower Shield,65750,92050,8
The Celestial Brace,Goliath Gauntlets,69775,97685,4
The Apostate,Cabalist Regalia,40975,57365,6
Spinehail,Vile Arrow Quiver,123350,172690,6
Seven Teachings,Waxed Garb,125000,175000,6
Kaom's Command,Siege Helmet,20050,28070,4
Hand of Heresy,Martyr Gloves,292150,409010,4
Servant of Decay,Torturer Garb,146075,204505,6
The Devourer of Minds,Pig-Faced Bascinet,140625,178125,4
Ravenous Passion,Zealot Helmet,53475,74865,4
Azadi Crest,Lacquered Buckler,108700,152180,4
The Tempest Rising,Goliath Greaves,71850,100590,4
Admiral's Arrogance,Antique Gauntlets,15375,21525,4
The Dark Monarch,Lich's Circlet,116275,162785,4
The Hand of Phrecia,Mesh Gloves,12500,17500,4
Howlcrack,Ezomyte Burgonet,36225,50715,4
Scornflux,Satin Slippers,22650,31710,4
Veruso's Ambition,Shackled Boots,8300,11620,4
Broadstroke,Shackled Boots,2975,4165,6
The Golden Charlatan,Lion Sword,298400,417760,8
Wing of the Wyvern,Imperial Bow,307350,430290,8
Festering Resentment,Demon Dagger,326075,456505,3
Jiquani's Potential,Imperial Staff,1707500,2390500,8
The Grey Wind,Spectral Axe,38625,54075,6
Unlight Extant,Sage Wand,7375,10325,3
The Monastery Bell,Dream Mace,7825,10955,6
Bitter Instinct,Spiny Round Shield,30350,42490,6
Rigwald's Hunt,General's Brigandine,102450,143430,6
The Hallowed Monarch,Faithful Helmet,42000,58800,4
Hand of the Lords,Carnal Mitts,63850,89390,4
The Caged Mammoth,Antique Gauntlets,15375,21525,4
Refuge in Isolation,Paladin Crown,48700,68180,4
Lost Unity,Formless Ring,79175,110845,1
Woespike,Steel Ring,48700,68180,1
The Unseen Hue,Opal Ring,48700,68180,1
The Sundered Will,Fugitive Ring,9900,13860,1
Bonemeld,Marble Amulet,43250,60550,1
The Will of Uul-Netol,Organic Ring,9900,13860,1
The Will of Esh,Synaptic Ring,9900,13860,1
The Will of Tul,Cryonic Ring,9900,13860,1
The Will of Xoph,Enthalpic Ring,9900,13860,1
Cowards' Wail,Ezomyte Tower Shield,32200,45080,8
Haunting Memories,Turquoise Amulet,26300,36820,1
The Desecrated Chalice,Coronal Maul,23325,32655,8
The Sacred Chalice,Coronal Maul,23325,32655,8
The Flame of Hope,Maraketh Bow,24750,34650,8
Skysunder,Exquisite Blade,38425,53795,8
The Bane of Hope,Maraketh Bow,24750,34650,8
The Broken Elegy,Foul Staff,24675,34545,8
Fleshrender,Exquisite Blade,38425,53795,8
The Sands of Time,Tyrant's Sekhem,80875,113225,6
Khatal's Geyser,Lapis Amulet,14100,19740,1
The Bandit Lord's Band,Gold Ring,74000,103600,1
Screams of the Desiccated,Leather Belt,115300,161420,2
Solerai's Radiance,Chain Belt,4925,6895,2
Khatal's Weeping,Lapis Amulet,14100,19740,1
Replica Gifts from Above,Diamond Ring,6950,9730,1
Saresh's Darkness,Chain Belt,4925,6895,2
Seablister,Spiny Round Shield,24675,34545,6
Spinesnatch,Fleshripper,115300,161420,8
Subsume the Source,Faithful Helmet,126000,176400,4
The Crustacean's Call,Primordial Staff,24675,34545,8
Dread Captain's Cutlass,Ghostflame Blade,36225,50715,6
Pearl of Tsoatha,Prismatic Ring,85800,120120,1
Replica Maata's Teaching,Karui Sceptre,76225,106715,6
Rotmother's Mutiny,Pearlescent Amulet,13650,19110,1
The Draugur's Lantern,Ancient Spirit Shield,24675,34545,4
The Unblinking Eye,Harlequin Mask,33150,46410,4
The Wellhook,Fishing Rod,2128100,2979340,4
Unholy Accomplice,Cloth Belt,556975,779765,2
Waxen Soul,Saint's Hauberk,307350,430290,6
Zana's Ingenuity,Prismatic Ring,149500,209300,1
